Request ID,API URL,Status Code,Result,Failure Reason
0,https://writemyresume.ae/api/pricing,200,Success,
8,https://writemyresume.ae/api/pricing,200,Success,
7,https://writemyresume.ae/api/pricing,200,Success,
1,https://writemyresume.ae/api/pricing,200,Success,
10,https://writemyresume.ae/api/pricing,200,Success,
4,https://writemyresume.ae/api/pricing,200,Success,
2,https://writemyresume.ae/api/pricing,200,Success,
12,https://writemyresume.ae/api/pricing,200,Success,
9,https://writemyresume.ae/api/pricing,200,Success,
5,https://writemyresume.ae/api/pricing,200,Success,
14,https://writemyresume.ae/api/pricing,200,Success,
3,https://writemyresume.ae/api/pricing,200,Success,
23,https://writemyresume.ae/api/pricing,200,Success,
6,https://writemyresume.ae/api/pricing,200,Success,
17,https://writemyresume.ae/api/pricing,200,Success,
11,https://writemyresume.ae/api/pricing,200,Success,
16,https://writemyresume.ae/api/pricing,200,Success,
21,https://writemyresume.ae/api/pricing,200,Success,
20,https://writemyresume.ae/api/pricing,200,Success,
19,https://writemyresume.ae/api/pricing,200,Success,
27,https://writemyresume.ae/api/pricing,200,Success,
18,https://writemyresume.ae/api/pricing,200,Success,
33,https://writemyresume.ae/api/pricing,200,Success,
22,https://writemyresume.ae/api/pricing,200,Success,
24,https://writemyresume.ae/api/pricing,200,Success,
30,https://writemyresume.ae/api/pricing,200,Success,
52,https://writemyresume.ae/api/pricing,200,Success,
54,https://writemyresume.ae/api/pricing,200,Success,
51,https://writemyresume.ae/api/pricing,200,Success,
50,https://writemyresume.ae/api/pricing,200,Success,
25,https://writemyresume.ae/api/pricing,200,Success,
31,https://writemyresume.ae/api/pricing,200,Success,
29,https://writemyresume.ae/api/pricing,200,Success,
35,https://writemyresume.ae/api/pricing,200,Success,
15,https://writemyresume.ae/api/pricing,200,Success,
28,https://writemyresume.ae/api/pricing,200,Success,
42,https://writemyresume.ae/api/pricing,200,Success,
40,https://writemyresume.ae/api/pricing,200,Success,
53,https://writemyresume.ae/api/pricing,200,Success,
36,https://writemyresume.ae/api/pricing,200,Success,
44,https://writemyresume.ae/api/pricing,200,Success,
56,https://writemyresume.ae/api/pricing,200,Success,
38,https://writemyresume.ae/api/pricing,200,Success,
55,https://writemyresume.ae/api/pricing,200,Success,
34,https://writemyresume.ae/api/pricing,200,Success,
37,https://writemyresume.ae/api/pricing,200,Success,
68,https://writemyresume.ae/api/pricing,200,Success,
63,https://writemyresume.ae/api/pricing,200,Success,
47,https://writemyresume.ae/api/pricing,200,Success,
58,https://writemyresume.ae/api/pricing,200,Success,
43,https://writemyresume.ae/api/pricing,200,Success,
26,https://writemyresume.ae/api/pricing,200,Success,
39,https://writemyresume.ae/api/pricing,200,Success,
41,https://writemyresume.ae/api/pricing,200,Success,
62,https://writemyresume.ae/api/pricing,200,Success,
65,https://writemyresume.ae/api/pricing,200,Success,
45,https://writemyresume.ae/api/pricing,200,Success,
61,https://writemyresume.ae/api/pricing,200,Success,
57,https://writemyresume.ae/api/pricing,200,Success,
66,https://writemyresume.ae/api/pricing,200,Success,
69,https://writemyresume.ae/api/pricing,200,Success,
59,https://writemyresume.ae/api/pricing,200,Success,
60,https://writemyresume.ae/api/pricing,200,Success,
49,https://writemyresume.ae/api/pricing,200,Success,
46,https://writemyresume.ae/api/pricing,200,Success,
72,https://writemyresume.ae/api/pricing,200,Success,
74,https://writemyresume.ae/api/pricing,200,Success,
73,https://writemyresume.ae/api/pricing,200,Success,
48,https://writemyresume.ae/api/pricing,200,Success,
75,https://writemyresume.ae/api/pricing,200,Success,
76,https://writemyresume.ae/api/pricing,200,Success,
64,https://writemyresume.ae/api/pricing,200,Success,
79,https://writemyresume.ae/api/pricing,200,Success,
81,https://writemyresume.ae/api/pricing,200,Success,
82,https://writemyresume.ae/api/pricing,200,Success,
70,https://writemyresume.ae/api/pricing,200,Success,
67,https://writemyresume.ae/api/pricing,200,Success,
80,https://writemyresume.ae/api/pricing,200,Success,
85,https://writemyresume.ae/api/pricing,200,Success,
90,https://writemyresume.ae/api/pricing,200,Success,
87,https://writemyresume.ae/api/pricing,200,Success,
88,https://writemyresume.ae/api/pricing,200,Success,
89,https://writemyresume.ae/api/pricing,200,Success,
71,https://writemyresume.ae/api/pricing,200,Success,
13,https://writemyresume.ae/api/pricing,200,Success,
77,https://writemyresume.ae/api/pricing,200,Success,
95,https://writemyresume.ae/api/pricing,200,Success,
94,https://writemyresume.ae/api/pricing,200,Success,
96,https://writemyresume.ae/api/pricing,200,Success,
78,https://writemyresume.ae/api/pricing,200,Success,
93,https://writemyresume.ae/api/pricing,200,Success,
84,https://writemyresume.ae/api/pricing,200,Success,
98,https://writemyresume.ae/api/pricing,200,Success,
83,https://writemyresume.ae/api/pricing,200,Success,
32,https://writemyresume.ae/api/pricing,200,Success,
101,https://writemyresume.ae/api/pricing,200,Success,
99,https://writemyresume.ae/api/pricing,200,Success,
100,https://writemyresume.ae/api/pricing,200,Success,
86,https://writemyresume.ae/api/pricing,200,Success,
104,https://writemyresume.ae/api/pricing,200,Success,
92,https://writemyresume.ae/api/pricing,200,Success,
107,https://writemyresume.ae/api/pricing,200,Success,
108,https://writemyresume.ae/api/pricing,200,Success,
105,https://writemyresume.ae/api/pricing,200,Success,
97,https://writemyresume.ae/api/pricing,200,Success,
91,https://writemyresume.ae/api/pricing,200,Success,
103,https://writemyresume.ae/api/pricing,200,Success,
109,https://writemyresume.ae/api/pricing,200,Success,
115,https://writemyresume.ae/api/pricing,200,Success,
102,https://writemyresume.ae/api/pricing,200,Success,
116,https://writemyresume.ae/api/pricing,200,Success,
119,https://writemyresume.ae/api/pricing,200,Success,
117,https://writemyresume.ae/api/pricing,200,Success,
122,https://writemyresume.ae/api/pricing,200,Success,
125,https://writemyresume.ae/api/pricing,200,Success,
129,https://writemyresume.ae/api/pricing,200,Success,
126,https://writemyresume.ae/api/pricing,200,Success,
134,https://writemyresume.ae/api/pricing,200,Success,
138,https://writemyresume.ae/api/pricing,200,Success,
106,https://writemyresume.ae/api/pricing,200,Success,
118,https://writemyresume.ae/api/pricing,200,Success,
121,https://writemyresume.ae/api/pricing,200,Success,
110,https://writemyresume.ae/api/pricing,200,Success,
111,https://writemyresume.ae/api/pricing,200,Success,
130,https://writemyresume.ae/api/pricing,200,Success,
128,https://writemyresume.ae/api/pricing,200,Success,
158,https://writemyresume.ae/api/pricing,200,Success,
137,https://writemyresume.ae/api/pricing,200,Success,
113,https://writemyresume.ae/api/pricing,200,Success,
139,https://writemyresume.ae/api/pricing,200,Success,
142,https://writemyresume.ae/api/pricing,200,Success,
112,https://writemyresume.ae/api/pricing,200,Success,
131,https://writemyresume.ae/api/pricing,200,Success,
160,https://writemyresume.ae/api/pricing,200,Success,
120,https://writemyresume.ae/api/pricing,200,Success,
114,https://writemyresume.ae/api/pricing,200,Success,
132,https://writemyresume.ae/api/pricing,200,Success,
164,https://writemyresume.ae/api/pricing,200,Success,
123,https://writemyresume.ae/api/pricing,200,Success,
145,https://writemyresume.ae/api/pricing,200,Success,
124,https://writemyresume.ae/api/pricing,200,Success,
143,https://writemyresume.ae/api/pricing,200,Success,
165,https://writemyresume.ae/api/pricing,200,Success,
167,https://writemyresume.ae/api/pricing,200,Success,
127,https://writemyresume.ae/api/pricing,200,Success,
168,https://writemyresume.ae/api/pricing,200,Success,
166,https://writemyresume.ae/api/pricing,200,Success,
135,https://writemyresume.ae/api/pricing,200,Success,
133,https://writemyresume.ae/api/pricing,200,Success,
146,https://writemyresume.ae/api/pricing,200,Success,
149,https://writemyresume.ae/api/pricing,200,Success,
136,https://writemyresume.ae/api/pricing,200,Success,
147,https://writemyresume.ae/api/pricing,200,Success,
151,https://writemyresume.ae/api/pricing,200,Success,
140,https://writemyresume.ae/api/pricing,200,Success,
152,https://writemyresume.ae/api/pricing,200,Success,
153,https://writemyresume.ae/api/pricing,200,Success,
141,https://writemyresume.ae/api/pricing,200,Success,
176,https://writemyresume.ae/api/pricing,200,Success,
177,https://writemyresume.ae/api/pricing,200,Success,
144,https://writemyresume.ae/api/pricing,200,Success,
148,https://writemyresume.ae/api/pricing,200,Success,
150,https://writemyresume.ae/api/pricing,200,Success,
179,https://writemyresume.ae/api/pricing,200,Success,
156,https://writemyresume.ae/api/pricing,200,Success,
154,https://writemyresume.ae/api/pricing,200,Success,
181,https://writemyresume.ae/api/pricing,200,Success,
161,https://writemyresume.ae/api/pricing,200,Success,
155,https://writemyresume.ae/api/pricing,200,Success,
162,https://writemyresume.ae/api/pricing,200,Success,
187,https://writemyresume.ae/api/pricing,200,Success,
184,https://writemyresume.ae/api/pricing,200,Success,
157,https://writemyresume.ae/api/pricing,200,Success,
192,https://writemyresume.ae/api/pricing,200,Success,
159,https://writemyresume.ae/api/pricing,200,Success,
163,https://writemyresume.ae/api/pricing,200,Success,
193,https://writemyresume.ae/api/pricing,200,Success,
169,https://writemyresume.ae/api/pricing,200,Success,
195,https://writemyresume.ae/api/pricing,200,Success,
172,https://writemyresume.ae/api/pricing,200,Success,
174,https://writemyresume.ae/api/pricing,200,Success,
175,https://writemyresume.ae/api/pricing,200,Success,
196,https://writemyresume.ae/api/pricing,200,Success,
170,https://writemyresume.ae/api/pricing,200,Success,
185,https://writemyresume.ae/api/pricing,200,Success,
208,https://writemyresume.ae/api/pricing,200,Success,
171,https://writemyresume.ae/api/pricing,200,Success,
189,https://writemyresume.ae/api/pricing,200,Success,
173,https://writemyresume.ae/api/pricing,200,Success,
186,https://writemyresume.ae/api/pricing,200,Success,
191,https://writemyresume.ae/api/pricing,200,Success,
210,https://writemyresume.ae/api/pricing,200,Success,
213,https://writemyresume.ae/api/pricing,200,Success,
220,https://writemyresume.ae/api/pricing,200,Success,
215,https://writemyresume.ae/api/pricing,200,Success,
178,https://writemyresume.ae/api/pricing,200,Success,
222,https://writemyresume.ae/api/pricing,200,Success,
182,https://writemyresume.ae/api/pricing,200,Success,
180,https://writemyresume.ae/api/pricing,200,Success,
200,https://writemyresume.ae/api/pricing,200,Success,
199,https://writemyresume.ae/api/pricing,200,Success,
183,https://writemyresume.ae/api/pricing,200,Success,
223,https://writemyresume.ae/api/pricing,200,Success,
188,https://writemyresume.ae/api/pricing,200,Success,
190,https://writemyresume.ae/api/pricing,200,Success,
226,https://writemyresume.ae/api/pricing,200,Success,
194,https://writemyresume.ae/api/pricing,200,Success,
227,https://writemyresume.ae/api/pricing,200,Success,
197,https://writemyresume.ae/api/pricing,200,Success,
202,https://writemyresume.ae/api/pricing,200,Success,
203,https://writemyresume.ae/api/pricing,200,Success,
204,https://writemyresume.ae/api/pricing,200,Success,
232,https://writemyresume.ae/api/pricing,200,Success,
198,https://writemyresume.ae/api/pricing,200,Success,
206,https://writemyresume.ae/api/pricing,200,Success,
212,https://writemyresume.ae/api/pricing,200,Success,
201,https://writemyresume.ae/api/pricing,200,Success,
236,https://writemyresume.ae/api/pricing,200,Success,
242,https://writemyresume.ae/api/pricing,200,Success,
241,https://writemyresume.ae/api/pricing,200,Success,
207,https://writemyresume.ae/api/pricing,200,Success,
205,https://writemyresume.ae/api/pricing,200,Success,
243,https://writemyresume.ae/api/pricing,200,Success,
219,https://writemyresume.ae/api/pricing,200,Success,
209,https://writemyresume.ae/api/pricing,200,Success,
218,https://writemyresume.ae/api/pricing,200,Success,
211,https://writemyresume.ae/api/pricing,200,Success,
225,https://writemyresume.ae/api/pricing,200,Success,
214,https://writemyresume.ae/api/pricing,200,Success,
244,https://writemyresume.ae/api/pricing,200,Success,
246,https://writemyresume.ae/api/pricing,200,Success,
253,https://writemyresume.ae/api/pricing,200,Success,
216,https://writemyresume.ae/api/pricing,200,Success,
221,https://writemyresume.ae/api/pricing,200,Success,
255,https://writemyresume.ae/api/pricing,200,Success,
217,https://writemyresume.ae/api/pricing,200,Success,
228,https://writemyresume.ae/api/pricing,200,Success,
230,https://writemyresume.ae/api/pricing,200,Success,
224,https://writemyresume.ae/api/pricing,200,Success,
231,https://writemyresume.ae/api/pricing,200,Success,
234,https://writemyresume.ae/api/pricing,200,Success,
229,https://writemyresume.ae/api/pricing,200,Success,
257,https://writemyresume.ae/api/pricing,200,Success,
233,https://writemyresume.ae/api/pricing,200,Success,
259,https://writemyresume.ae/api/pricing,200,Success,
237,https://writemyresume.ae/api/pricing,200,Success,
235,https://writemyresume.ae/api/pricing,200,Success,
240,https://writemyresume.ae/api/pricing,200,Success,
266,https://writemyresume.ae/api/pricing,200,Success,
239,https://writemyresume.ae/api/pricing,200,Success,
238,https://writemyresume.ae/api/pricing,200,Success,
268,https://writemyresume.ae/api/pricing,200,Success,
245,https://writemyresume.ae/api/pricing,200,Success,
271,https://writemyresume.ae/api/pricing,200,Success,
248,https://writemyresume.ae/api/pricing,200,Success,
247,https://writemyresume.ae/api/pricing,200,Success,
272,https://writemyresume.ae/api/pricing,200,Success,
251,https://writemyresume.ae/api/pricing,200,Success,
250,https://writemyresume.ae/api/pricing,200,Success,
249,https://writemyresume.ae/api/pricing,200,Success,
252,https://writemyresume.ae/api/pricing,200,Success,
262,https://writemyresume.ae/api/pricing,200,Success,
261,https://writemyresume.ae/api/pricing,200,Success,
254,https://writemyresume.ae/api/pricing,200,Success,
279,https://writemyresume.ae/api/pricing,200,Success,
281,https://writemyresume.ae/api/pricing,200,Success,
280,https://writemyresume.ae/api/pricing,200,Success,
256,https://writemyresume.ae/api/pricing,200,Success,
284,https://writemyresume.ae/api/pricing,200,Success,
258,https://writemyresume.ae/api/pricing,200,Success,
264,https://writemyresume.ae/api/pricing,200,Success,
293,https://writemyresume.ae/api/pricing,200,Success,
265,https://writemyresume.ae/api/pricing,200,Success,
260,https://writemyresume.ae/api/pricing,200,Success,
275,https://writemyresume.ae/api/pricing,200,Success,
274,https://writemyresume.ae/api/pricing,200,Success,
263,https://writemyresume.ae/api/pricing,200,Success,
267,https://writemyresume.ae/api/pricing,200,Success,
294,https://writemyresume.ae/api/pricing,200,Success,
269,https://writemyresume.ae/api/pricing,200,Success,
299,https://writemyresume.ae/api/pricing,200,Success,
270,https://writemyresume.ae/api/pricing,200,Success,
286,https://writemyresume.ae/api/pricing,200,Success,
276,https://writemyresume.ae/api/pricing,200,Success,
290,https://writemyresume.ae/api/pricing,200,Success,
273,https://writemyresume.ae/api/pricing,200,Success,
288,https://writemyresume.ae/api/pricing,200,Success,
289,https://writemyresume.ae/api/pricing,200,Success,
301,https://writemyresume.ae/api/pricing,200,Success,
277,https://writemyresume.ae/api/pricing,200,Success,
302,https://writemyresume.ae/api/pricing,200,Success,
278,https://writemyresume.ae/api/pricing,200,Success,
282,https://writemyresume.ae/api/pricing,200,Success,
306,https://writemyresume.ae/api/pricing,200,Success,
283,https://writemyresume.ae/api/pricing,200,Success,
291,https://writemyresume.ae/api/pricing,200,Success,
285,https://writemyresume.ae/api/pricing,200,Success,
313,https://writemyresume.ae/api/pricing,200,Success,
297,https://writemyresume.ae/api/pricing,200,Success,
298,https://writemyresume.ae/api/pricing,200,Success,
287,https://writemyresume.ae/api/pricing,200,Success,
300,https://writemyresume.ae/api/pricing,200,Success,
316,https://writemyresume.ae/api/pricing,200,Success,
292,https://writemyresume.ae/api/pricing,200,Success,
317,https://writemyresume.ae/api/pricing,200,Success,
318,https://writemyresume.ae/api/pricing,200,Success,
295,https://writemyresume.ae/api/pricing,200,Success,
323,https://writemyresume.ae/api/pricing,200,Success,
307,https://writemyresume.ae/api/pricing,200,Success,
308,https://writemyresume.ae/api/pricing,200,Success,
296,https://writemyresume.ae/api/pricing,200,Success,
303,https://writemyresume.ae/api/pricing,200,Success,
314,https://writemyresume.ae/api/pricing,200,Success,
304,https://writemyresume.ae/api/pricing,200,Success,
305,https://writemyresume.ae/api/pricing,200,Success,
330,https://writemyresume.ae/api/pricing,200,Success,
328,https://writemyresume.ae/api/pricing,200,Success,
338,https://writemyresume.ae/api/pricing,200,Success,
341,https://writemyresume.ae/api/pricing,200,Success,
311,https://writemyresume.ae/api/pricing,200,Success,
319,https://writemyresume.ae/api/pricing,200,Success,
309,https://writemyresume.ae/api/pricing,200,Success,
321,https://writemyresume.ae/api/pricing,200,Success,
312,https://writemyresume.ae/api/pricing,200,Success,
322,https://writemyresume.ae/api/pricing,200,Success,
344,https://writemyresume.ae/api/pricing,200,Success,
310,https://writemyresume.ae/api/pricing,200,Success,
346,https://writemyresume.ae/api/pricing,200,Success,
320,https://writemyresume.ae/api/pricing,200,Success,
352,https://writemyresume.ae/api/pricing,200,Success,
315,https://writemyresume.ae/api/pricing,200,Success,
354,https://writemyresume.ae/api/pricing,200,Success,
355,https://writemyresume.ae/api/pricing,200,Success,
357,https://writemyresume.ae/api/pricing,200,Success,
365,https://writemyresume.ae/api/pricing,200,Success,
324,https://writemyresume.ae/api/pricing,200,Success,
327,https://writemyresume.ae/api/pricing,200,Success,
332,https://writemyresume.ae/api/pricing,200,Success,
325,https://writemyresume.ae/api/pricing,200,Success,
326,https://writemyresume.ae/api/pricing,200,Success,
366,https://writemyresume.ae/api/pricing,200,Success,
367,https://writemyresume.ae/api/pricing,200,Success,
329,https://writemyresume.ae/api/pricing,200,Success,
334,https://writemyresume.ae/api/pricing,200,Success,
333,https://writemyresume.ae/api/pricing,200,Success,
339,https://writemyresume.ae/api/pricing,200,Success,
368,https://writemyresume.ae/api/pricing,200,Success,
377,https://writemyresume.ae/api/pricing,200,Success,
340,https://writemyresume.ae/api/pricing,200,Success,
335,https://writemyresume.ae/api/pricing,200,Success,
331,https://writemyresume.ae/api/pricing,200,Success,
336,https://writemyresume.ae/api/pricing,200,Success,
337,https://writemyresume.ae/api/pricing,200,Success,
342,https://writemyresume.ae/api/pricing,200,Success,
375,https://writemyresume.ae/api/pricing,200,Success,
378,https://writemyresume.ae/api/pricing,200,Success,
343,https://writemyresume.ae/api/pricing,200,Success,
381,https://writemyresume.ae/api/pricing,200,Success,
345,https://writemyresume.ae/api/pricing,200,Success,
383,https://writemyresume.ae/api/pricing,200,Success,
347,https://writemyresume.ae/api/pricing,200,Success,
384,https://writemyresume.ae/api/pricing,200,Success,
382,https://writemyresume.ae/api/pricing,200,Success,
349,https://writemyresume.ae/api/pricing,200,Success,
351,https://writemyresume.ae/api/pricing,200,Success,
348,https://writemyresume.ae/api/pricing,200,Success,
350,https://writemyresume.ae/api/pricing,200,Success,
353,https://writemyresume.ae/api/pricing,200,Success,
356,https://writemyresume.ae/api/pricing,200,Success,
390,https://writemyresume.ae/api/pricing,200,Success,
358,https://writemyresume.ae/api/pricing,200,Success,
359,https://writemyresume.ae/api/pricing,200,Success,
392,https://writemyresume.ae/api/pricing,200,Success,
361,https://writemyresume.ae/api/pricing,200,Success,
396,https://writemyresume.ae/api/pricing,200,Success,
360,https://writemyresume.ae/api/pricing,200,Success,
364,https://writemyresume.ae/api/pricing,200,Success,
362,https://writemyresume.ae/api/pricing,200,Success,
372,https://writemyresume.ae/api/pricing,200,Success,
369,https://writemyresume.ae/api/pricing,200,Success,
363,https://writemyresume.ae/api/pricing,200,Success,
373,https://writemyresume.ae/api/pricing,200,Success,
371,https://writemyresume.ae/api/pricing,200,Success,
370,https://writemyresume.ae/api/pricing,200,Success,
376,https://writemyresume.ae/api/pricing,200,Success,
401,https://writemyresume.ae/api/pricing,200,Success,
406,https://writemyresume.ae/api/pricing,200,Success,
405,https://writemyresume.ae/api/pricing,200,Success,
379,https://writemyresume.ae/api/pricing,200,Success,
374,https://writemyresume.ae/api/pricing,200,Success,
380,https://writemyresume.ae/api/pricing,200,Success,
385,https://writemyresume.ae/api/pricing,200,Success,
386,https://writemyresume.ae/api/pricing,200,Success,
387,https://writemyresume.ae/api/pricing,200,Success,
407,https://writemyresume.ae/api/pricing,200,Success,
408,https://writemyresume.ae/api/pricing,200,Success,
411,https://writemyresume.ae/api/pricing,200,Success,
388,https://writemyresume.ae/api/pricing,200,Success,
409,https://writemyresume.ae/api/pricing,200,Success,
391,https://writemyresume.ae/api/pricing,200,Success,
389,https://writemyresume.ae/api/pricing,200,Success,
393,https://writemyresume.ae/api/pricing,200,Success,
397,https://writemyresume.ae/api/pricing,200,Success,
398,https://writemyresume.ae/api/pricing,200,Success,
394,https://writemyresume.ae/api/pricing,200,Success,
395,https://writemyresume.ae/api/pricing,200,Success,
400,https://writemyresume.ae/api/pricing,200,Success,
399,https://writemyresume.ae/api/pricing,200,Success,
419,https://writemyresume.ae/api/pricing,200,Success,
422,https://writemyresume.ae/api/pricing,200,Success,
402,https://writemyresume.ae/api/pricing,200,Success,
410,https://writemyresume.ae/api/pricing,200,Success,
403,https://writemyresume.ae/api/pricing,200,Success,
404,https://writemyresume.ae/api/pricing,200,Success,
412,https://writemyresume.ae/api/pricing,200,Success,
424,https://writemyresume.ae/api/pricing,200,Success,
439,https://writemyresume.ae/api/pricing,200,Success,
413,https://writemyresume.ae/api/pricing,200,Success,
433,https://writemyresume.ae/api/pricing,200,Success,
417,https://writemyresume.ae/api/pricing,200,Success,
415,https://writemyresume.ae/api/pricing,200,Success,
414,https://writemyresume.ae/api/pricing,200,Success,
416,https://writemyresume.ae/api/pricing,200,Success,
436,https://writemyresume.ae/api/pricing,200,Success,
420,https://writemyresume.ae/api/pricing,200,Success,
418,https://writemyresume.ae/api/pricing,200,Success,
443,https://writemyresume.ae/api/pricing,200,Success,
421,https://writemyresume.ae/api/pricing,200,Success,
445,https://writemyresume.ae/api/pricing,200,Success,
448,https://writemyresume.ae/api/pricing,200,Success,
458,https://writemyresume.ae/api/pricing,200,Success,
449,https://writemyresume.ae/api/pricing,200,Success,
429,https://writemyresume.ae/api/pricing,200,Success,
425,https://writemyresume.ae/api/pricing,200,Success,
423,https://writemyresume.ae/api/pricing,200,Success,
427,https://writemyresume.ae/api/pricing,200,Success,
457,https://writemyresume.ae/api/pricing,200,Success,
426,https://writemyresume.ae/api/pricing,200,Success,
432,https://writemyresume.ae/api/pricing,200,Success,
430,https://writemyresume.ae/api/pricing,200,Success,
465,https://writemyresume.ae/api/pricing,200,Success,
428,https://writemyresume.ae/api/pricing,200,Success,
466,https://writemyresume.ae/api/pricing,200,Success,
431,https://writemyresume.ae/api/pricing,200,Success,
467,https://writemyresume.ae/api/pricing,200,Success,
438,https://writemyresume.ae/api/pricing,200,Success,
440,https://writemyresume.ae/api/pricing,200,Success,
434,https://writemyresume.ae/api/pricing,200,Success,
446,https://writemyresume.ae/api/pricing,200,Success,
473,https://writemyresume.ae/api/pricing,200,Success,
450,https://writemyresume.ae/api/pricing,200,Success,
454,https://writemyresume.ae/api/pricing,200,Success,
435,https://writemyresume.ae/api/pricing,200,Success,
437,https://writemyresume.ae/api/pricing,200,Success,
451,https://writemyresume.ae/api/pricing,200,Success,
441,https://writemyresume.ae/api/pricing,200,Success,
442,https://writemyresume.ae/api/pricing,200,Success,
475,https://writemyresume.ae/api/pricing,200,Success,
476,https://writemyresume.ae/api/pricing,200,Success,
459,https://writemyresume.ae/api/pricing,200,Success,
444,https://writemyresume.ae/api/pricing,200,Success,
479,https://writemyresume.ae/api/pricing,200,Success,
480,https://writemyresume.ae/api/pricing,200,Success,
447,https://writemyresume.ae/api/pricing,200,Success,
460,https://writemyresume.ae/api/pricing,200,Success,
452,https://writemyresume.ae/api/pricing,200,Success,
481,https://writemyresume.ae/api/pricing,200,Success,
461,https://writemyresume.ae/api/pricing,200,Success,
455,https://writemyresume.ae/api/pricing,200,Success,
469,https://writemyresume.ae/api/pricing,200,Success,
456,https://writemyresume.ae/api/pricing,200,Success,
453,https://writemyresume.ae/api/pricing,200,Success,
487,https://writemyresume.ae/api/pricing,200,Success,
471,https://writemyresume.ae/api/pricing,200,Success,
490,https://writemyresume.ae/api/pricing,200,Success,
472,https://writemyresume.ae/api/pricing,200,Success,
462,https://writemyresume.ae/api/pricing,200,Success,
474,https://writemyresume.ae/api/pricing,200,Success,
463,https://writemyresume.ae/api/pricing,200,Success,
492,https://writemyresume.ae/api/pricing,200,Success,
464,https://writemyresume.ae/api/pricing,200,Success,
468,https://writemyresume.ae/api/pricing,200,Success,
499,https://writemyresume.ae/api/pricing,200,Success,
482,https://writemyresume.ae/api/pricing,200,Success,
493,https://writemyresume.ae/api/pricing,200,Success,
483,https://writemyresume.ae/api/pricing,200,Success,
470,https://writemyresume.ae/api/pricing,200,Success,
486,https://writemyresume.ae/api/pricing,200,Success,
485,https://writemyresume.ae/api/pricing,200,Success,
488,https://writemyresume.ae/api/pricing,200,Success,
478,https://writemyresume.ae/api/pricing,200,Success,
505,https://writemyresume.ae/api/pricing,200,Success,
477,https://writemyresume.ae/api/pricing,200,Success,
506,https://writemyresume.ae/api/pricing,200,Success,
512,https://writemyresume.ae/api/pricing,200,Success,
513,https://writemyresume.ae/api/pricing,200,Success,
497,https://writemyresume.ae/api/pricing,200,Success,
494,https://writemyresume.ae/api/pricing,200,Success,
484,https://writemyresume.ae/api/pricing,200,Success,
498,https://writemyresume.ae/api/pricing,200,Success,
522,https://writemyresume.ae/api/pricing,200,Success,
489,https://writemyresume.ae/api/pricing,200,Success,
518,https://writemyresume.ae/api/pricing,200,Success,
491,https://writemyresume.ae/api/pricing,200,Success,
500,https://writemyresume.ae/api/pricing,200,Success,
501,https://writemyresume.ae/api/pricing,200,Success,
495,https://writemyresume.ae/api/pricing,200,Success,
504,https://writemyresume.ae/api/pricing,200,Success,
496,https://writemyresume.ae/api/pricing,200,Success,
509,https://writemyresume.ae/api/pricing,200,Success,
510,https://writemyresume.ae/api/pricing,200,Success,
524,https://writemyresume.ae/api/pricing,200,Success,
502,https://writemyresume.ae/api/pricing,200,Success,
531,https://writemyresume.ae/api/pricing,200,Success,
503,https://writemyresume.ae/api/pricing,200,Success,
536,https://writemyresume.ae/api/pricing,200,Success,
533,https://writemyresume.ae/api/pricing,200,Success,
507,https://writemyresume.ae/api/pricing,200,Success,
508,https://writemyresume.ae/api/pricing,200,Success,
520,https://writemyresume.ae/api/pricing,200,Success,
541,https://writemyresume.ae/api/pricing,200,Success,
542,https://writemyresume.ae/api/pricing,200,Success,
514,https://writemyresume.ae/api/pricing,200,Success,
511,https://writemyresume.ae/api/pricing,200,Success,
544,https://writemyresume.ae/api/pricing,200,Success,
517,https://writemyresume.ae/api/pricing,200,Success,
525,https://writemyresume.ae/api/pricing,200,Success,
523,https://writemyresume.ae/api/pricing,200,Success,
550,https://writemyresume.ae/api/pricing,200,Success,
551,https://writemyresume.ae/api/pricing,200,Success,
547,https://writemyresume.ae/api/pricing,200,Success,
516,https://writemyresume.ae/api/pricing,200,Success,
528,https://writemyresume.ae/api/pricing,200,Success,
519,https://writemyresume.ae/api/pricing,200,Success,
515,https://writemyresume.ae/api/pricing,200,Success,
534,https://writemyresume.ae/api/pricing,200,Success,
532,https://writemyresume.ae/api/pricing,200,Success,
537,https://writemyresume.ae/api/pricing,200,Success,
562,https://writemyresume.ae/api/pricing,200,Success,
521,https://writemyresume.ae/api/pricing,200,Success,
526,https://writemyresume.ae/api/pricing,200,Success,
563,https://writemyresume.ae/api/pricing,200,Success,
538,https://writemyresume.ae/api/pricing,200,Success,
539,https://writemyresume.ae/api/pricing,200,Success,
527,https://writemyresume.ae/api/pricing,200,Success,
529,https://writemyresume.ae/api/pricing,200,Success,
566,https://writemyresume.ae/api/pricing,200,Success,
565,https://writemyresume.ae/api/pricing,200,Success,
530,https://writemyresume.ae/api/pricing,200,Success,
546,https://writemyresume.ae/api/pricing,200,Success,
545,https://writemyresume.ae/api/pricing,200,Success,
540,https://writemyresume.ae/api/pricing,200,Success,
535,https://writemyresume.ae/api/pricing,200,Success,
543,https://writemyresume.ae/api/pricing,200,Success,
570,https://writemyresume.ae/api/pricing,200,Success,
549,https://writemyresume.ae/api/pricing,200,Success,
548,https://writemyresume.ae/api/pricing,200,Success,
554,https://writemyresume.ae/api/pricing,200,Success,
571,https://writemyresume.ae/api/pricing,200,Success,
574,https://writemyresume.ae/api/pricing,200,Success,
552,https://writemyresume.ae/api/pricing,200,Success,
559,https://writemyresume.ae/api/pricing,200,Success,
555,https://writemyresume.ae/api/pricing,200,Success,
556,https://writemyresume.ae/api/pricing,200,Success,
553,https://writemyresume.ae/api/pricing,200,Success,
579,https://writemyresume.ae/api/pricing,200,Success,
558,https://writemyresume.ae/api/pricing,200,Success,
578,https://writemyresume.ae/api/pricing,200,Success,
580,https://writemyresume.ae/api/pricing,200,Success,
557,https://writemyresume.ae/api/pricing,200,Success,
560,https://writemyresume.ae/api/pricing,200,Success,
561,https://writemyresume.ae/api/pricing,200,Success,
590,https://writemyresume.ae/api/pricing,200,Success,
591,https://writemyresume.ae/api/pricing,200,Success,
564,https://writemyresume.ae/api/pricing,200,Success,
595,https://writemyresume.ae/api/pricing,200,Success,
597,https://writemyresume.ae/api/pricing,200,Success,
569,https://writemyresume.ae/api/pricing,200,Success,
604,https://writemyresume.ae/api/pricing,200,Success,
567,https://writemyresume.ae/api/pricing,200,Success,
568,https://writemyresume.ae/api/pricing,200,Success,
576,https://writemyresume.ae/api/pricing,200,Success,
573,https://writemyresume.ae/api/pricing,200,Success,
575,https://writemyresume.ae/api/pricing,200,Success,
572,https://writemyresume.ae/api/pricing,200,Success,
608,https://writemyresume.ae/api/pricing,200,Success,
577,https://writemyresume.ae/api/pricing,200,Success,
583,https://writemyresume.ae/api/pricing,200,Success,
607,https://writemyresume.ae/api/pricing,200,Success,
611,https://writemyresume.ae/api/pricing,200,Success,
584,https://writemyresume.ae/api/pricing,200,Success,
581,https://writemyresume.ae/api/pricing,200,Success,
582,https://writemyresume.ae/api/pricing,200,Success,
616,https://writemyresume.ae/api/pricing,200,Success,
585,https://writemyresume.ae/api/pricing,200,Success,
587,https://writemyresume.ae/api/pricing,200,Success,
588,https://writemyresume.ae/api/pricing,200,Success,
586,https://writemyresume.ae/api/pricing,200,Success,
619,https://writemyresume.ae/api/pricing,200,Success,
589,https://writemyresume.ae/api/pricing,200,Success,
621,https://writemyresume.ae/api/pricing,200,Success,
592,https://writemyresume.ae/api/pricing,200,Success,
623,https://writemyresume.ae/api/pricing,200,Success,
625,https://writemyresume.ae/api/pricing,200,Success,
594,https://writemyresume.ae/api/pricing,200,Success,
626,https://writemyresume.ae/api/pricing,200,Success,
593,https://writemyresume.ae/api/pricing,200,Success,
599,https://writemyresume.ae/api/pricing,200,Success,
600,https://writemyresume.ae/api/pricing,200,Success,
596,https://writemyresume.ae/api/pricing,200,Success,
598,https://writemyresume.ae/api/pricing,200,Success,
602,https://writemyresume.ae/api/pricing,200,Success,
628,https://writemyresume.ae/api/pricing,200,Success,
606,https://writemyresume.ae/api/pricing,200,Success,
634,https://writemyresume.ae/api/pricing,200,Success,
637,https://writemyresume.ae/api/pricing,200,Success,
639,https://writemyresume.ae/api/pricing,200,Success,
605,https://writemyresume.ae/api/pricing,200,Success,
601,https://writemyresume.ae/api/pricing,200,Success,
603,https://writemyresume.ae/api/pricing,200,Success,
613,https://writemyresume.ae/api/pricing,200,Success,
614,https://writemyresume.ae/api/pricing,200,Success,
645,https://writemyresume.ae/api/pricing,200,Success,
609,https://writemyresume.ae/api/pricing,200,Success,
610,https://writemyresume.ae/api/pricing,200,Success,
612,https://writemyresume.ae/api/pricing,200,Success,
646,https://writemyresume.ae/api/pricing,200,Success,
618,https://writemyresume.ae/api/pricing,200,Success,
651,https://writemyresume.ae/api/pricing,200,Success,
615,https://writemyresume.ae/api/pricing,200,Success,
652,https://writemyresume.ae/api/pricing,200,Success,
617,https://writemyresume.ae/api/pricing,200,Success,
620,https://writemyresume.ae/api/pricing,200,Success,
653,https://writemyresume.ae/api/pricing,200,Success,
654,https://writemyresume.ae/api/pricing,200,Success,
660,https://writemyresume.ae/api/pricing,200,Success,
622,https://writemyresume.ae/api/pricing,200,Success,
627,https://writemyresume.ae/api/pricing,200,Success,
664,https://writemyresume.ae/api/pricing,200,Success,
631,https://writemyresume.ae/api/pricing,200,Success,
629,https://writemyresume.ae/api/pricing,200,Success,
624,https://writemyresume.ae/api/pricing,200,Success,
632,https://writemyresume.ae/api/pricing,200,Success,
636,https://writemyresume.ae/api/pricing,200,Success,
638,https://writemyresume.ae/api/pricing,200,Success,
665,https://writemyresume.ae/api/pricing,200,Success,
666,https://writemyresume.ae/api/pricing,200,Success,
630,https://writemyresume.ae/api/pricing,200,Success,
633,https://writemyresume.ae/api/pricing,200,Success,
635,https://writemyresume.ae/api/pricing,200,Success,
671,https://writemyresume.ae/api/pricing,200,Success,
641,https://writemyresume.ae/api/pricing,200,Success,
677,https://writemyresume.ae/api/pricing,200,Success,
643,https://writemyresume.ae/api/pricing,200,Success,
640,https://writemyresume.ae/api/pricing,200,Success,
642,https://writemyresume.ae/api/pricing,200,Success,
644,https://writemyresume.ae/api/pricing,200,Success,
680,https://writemyresume.ae/api/pricing,200,Success,
678,https://writemyresume.ae/api/pricing,200,Success,
649,https://writemyresume.ae/api/pricing,200,Success,
684,https://writemyresume.ae/api/pricing,200,Success,
683,https://writemyresume.ae/api/pricing,200,Success,
648,https://writemyresume.ae/api/pricing,200,Success,
656,https://writemyresume.ae/api/pricing,200,Success,
647,https://writemyresume.ae/api/pricing,200,Success,
655,https://writemyresume.ae/api/pricing,200,Success,
685,https://writemyresume.ae/api/pricing,200,Success,
658,https://writemyresume.ae/api/pricing,200,Success,
657,https://writemyresume.ae/api/pricing,200,Success,
659,https://writemyresume.ae/api/pricing,200,Success,
694,https://writemyresume.ae/api/pricing,200,Success,
650,https://writemyresume.ae/api/pricing,200,Success,
697,https://writemyresume.ae/api/pricing,200,Success,
700,https://writemyresume.ae/api/pricing,200,Success,
663,https://writemyresume.ae/api/pricing,200,Success,
688,https://writemyresume.ae/api/pricing,200,Success,
662,https://writemyresume.ae/api/pricing,200,Success,
661,https://writemyresume.ae/api/pricing,200,Success,
703,https://writemyresume.ae/api/pricing,200,Success,
667,https://writemyresume.ae/api/pricing,200,Success,
707,https://writemyresume.ae/api/pricing,200,Success,
670,https://writemyresume.ae/api/pricing,200,Success,
708,https://writemyresume.ae/api/pricing,200,Success,
673,https://writemyresume.ae/api/pricing,200,Success,
710,https://writemyresume.ae/api/pricing,200,Success,
679,https://writemyresume.ae/api/pricing,200,Success,
668,https://writemyresume.ae/api/pricing,200,Success,
669,https://writemyresume.ae/api/pricing,200,Success,
681,https://writemyresume.ae/api/pricing,200,Success,
672,https://writemyresume.ae/api/pricing,200,Success,
711,https://writemyresume.ae/api/pricing,200,Success,
674,https://writemyresume.ae/api/pricing,200,Success,
675,https://writemyresume.ae/api/pricing,200,Success,
676,https://writemyresume.ae/api/pricing,200,Success,
690,https://writemyresume.ae/api/pricing,200,Success,
687,https://writemyresume.ae/api/pricing,200,Success,
719,https://writemyresume.ae/api/pricing,200,Success,
716,https://writemyresume.ae/api/pricing,200,Success,
692,https://writemyresume.ae/api/pricing,200,Success,
682,https://writemyresume.ae/api/pricing,200,Success,
722,https://writemyresume.ae/api/pricing,200,Success,
693,https://writemyresume.ae/api/pricing,200,Success,
695,https://writemyresume.ae/api/pricing,200,Success,
725,https://writemyresume.ae/api/pricing,200,Success,
701,https://writemyresume.ae/api/pricing,200,Success,
724,https://writemyresume.ae/api/pricing,200,Success,
689,https://writemyresume.ae/api/pricing,200,Success,
686,https://writemyresume.ae/api/pricing,200,Success,
727,https://writemyresume.ae/api/pricing,200,Success,
691,https://writemyresume.ae/api/pricing,200,Success,
729,https://writemyresume.ae/api/pricing,200,Success,
702,https://writemyresume.ae/api/pricing,200,Success,
706,https://writemyresume.ae/api/pricing,200,Success,
696,https://writemyresume.ae/api/pricing,200,Success,
698,https://writemyresume.ae/api/pricing,200,Success,
699,https://writemyresume.ae/api/pricing,200,Success,
733,https://writemyresume.ae/api/pricing,200,Success,
732,https://writemyresume.ae/api/pricing,200,Success,
704,https://writemyresume.ae/api/pricing,200,Success,
705,https://writemyresume.ae/api/pricing,200,Success,
738,https://writemyresume.ae/api/pricing,200,Success,
746,https://writemyresume.ae/api/pricing,200,Success,
712,https://writemyresume.ae/api/pricing,200,Success,
747,https://writemyresume.ae/api/pricing,200,Success,
709,https://writemyresume.ae/api/pricing,200,Success,
749,https://writemyresume.ae/api/pricing,200,Success,
715,https://writemyresume.ae/api/pricing,200,Success,
717,https://writemyresume.ae/api/pricing,200,Success,
752,https://writemyresume.ae/api/pricing,200,Success,
714,https://writemyresume.ae/api/pricing,200,Success,
723,https://writemyresume.ae/api/pricing,200,Success,
757,https://writemyresume.ae/api/pricing,200,Success,
755,https://writemyresume.ae/api/pricing,200,Success,
720,https://writemyresume.ae/api/pricing,200,Success,
760,https://writemyresume.ae/api/pricing,200,Success,
718,https://writemyresume.ae/api/pricing,200,Success,
721,https://writemyresume.ae/api/pricing,200,Success,
730,https://writemyresume.ae/api/pricing,200,Success,
766,https://writemyresume.ae/api/pricing,200,Success,
767,https://writemyresume.ae/api/pricing,200,Success,
731,https://writemyresume.ae/api/pricing,200,Success,
713,https://writemyresume.ae/api/pricing,200,Success,
726,https://writemyresume.ae/api/pricing,200,Success,
728,https://writemyresume.ae/api/pricing,200,Success,
770,https://writemyresume.ae/api/pricing,200,Success,
734,https://writemyresume.ae/api/pricing,200,Success,
772,https://writemyresume.ae/api/pricing,200,Success,
735,https://writemyresume.ae/api/pricing,200,Success,
774,https://writemyresume.ae/api/pricing,200,Success,
744,https://writemyresume.ae/api/pricing,200,Success,
740,https://writemyresume.ae/api/pricing,200,Success,
776,https://writemyresume.ae/api/pricing,200,Success,
745,https://writemyresume.ae/api/pricing,200,Success,
748,https://writemyresume.ae/api/pricing,200,Success,
736,https://writemyresume.ae/api/pricing,200,Success,
737,https://writemyresume.ae/api/pricing,200,Success,
739,https://writemyresume.ae/api/pricing,200,Success,
750,https://writemyresume.ae/api/pricing,200,Success,
753,https://writemyresume.ae/api/pricing,200,Success,
778,https://writemyresume.ae/api/pricing,200,Success,
781,https://writemyresume.ae/api/pricing,200,Success,
743,https://writemyresume.ae/api/pricing,200,Success,
741,https://writemyresume.ae/api/pricing,200,Success,
742,https://writemyresume.ae/api/pricing,200,Success,
754,https://writemyresume.ae/api/pricing,200,Success,
782,https://writemyresume.ae/api/pricing,200,Success,
761,https://writemyresume.ae/api/pricing,200,Success,
786,https://writemyresume.ae/api/pricing,200,Success,
762,https://writemyresume.ae/api/pricing,200,Success,
790,https://writemyresume.ae/api/pricing,200,Success,
751,https://writemyresume.ae/api/pricing,200,Success,
789,https://writemyresume.ae/api/pricing,200,Success,
794,https://writemyresume.ae/api/pricing,200,Success,
758,https://writemyresume.ae/api/pricing,200,Success,
759,https://writemyresume.ae/api/pricing,200,Success,
771,https://writemyresume.ae/api/pricing,200,Success,
795,https://writemyresume.ae/api/pricing,200,Success,
756,https://writemyresume.ae/api/pricing,200,Success,
798,https://writemyresume.ae/api/pricing,200,Success,
775,https://writemyresume.ae/api/pricing,200,Success,
802,https://writemyresume.ae/api/pricing,200,Success,
764,https://writemyresume.ae/api/pricing,200,Success,
763,https://writemyresume.ae/api/pricing,200,Success,
765,https://writemyresume.ae/api/pricing,200,Success,
780,https://writemyresume.ae/api/pricing,200,Success,
777,https://writemyresume.ae/api/pricing,200,Success,
768,https://writemyresume.ae/api/pricing,200,Success,
769,https://writemyresume.ae/api/pricing,200,Success,
785,https://writemyresume.ae/api/pricing,200,Success,
807,https://writemyresume.ae/api/pricing,200,Success,
810,https://writemyresume.ae/api/pricing,200,Success,
773,https://writemyresume.ae/api/pricing,200,Success,
816,https://writemyresume.ae/api/pricing,200,Success,
779,https://writemyresume.ae/api/pricing,200,Success,
818,https://writemyresume.ae/api/pricing,200,Success,
817,https://writemyresume.ae/api/pricing,200,Success,
787,https://writemyresume.ae/api/pricing,200,Success,
797,https://writemyresume.ae/api/pricing,200,Success,
788,https://writemyresume.ae/api/pricing,200,Success,
784,https://writemyresume.ae/api/pricing,200,Success,
821,https://writemyresume.ae/api/pricing,200,Success,
796,https://writemyresume.ae/api/pricing,200,Success,
822,https://writemyresume.ae/api/pricing,200,Success,
826,https://writemyresume.ae/api/pricing,200,Success,
792,https://writemyresume.ae/api/pricing,200,Success,
829,https://writemyresume.ae/api/pricing,200,Success,
831,https://writemyresume.ae/api/pricing,200,Success,
799,https://writemyresume.ae/api/pricing,200,Success,
800,https://writemyresume.ae/api/pricing,200,Success,
791,https://writemyresume.ae/api/pricing,200,Success,
793,https://writemyresume.ae/api/pricing,200,Success,
801,https://writemyresume.ae/api/pricing,200,Success,
803,https://writemyresume.ae/api/pricing,200,Success,
808,https://writemyresume.ae/api/pricing,200,Success,
783,https://writemyresume.ae/api/pricing,200,Success,
804,https://writemyresume.ae/api/pricing,200,Success,
839,https://writemyresume.ae/api/pricing,200,Success,
809,https://writemyresume.ae/api/pricing,200,Success,
840,https://writemyresume.ae/api/pricing,200,Success,
805,https://writemyresume.ae/api/pricing,200,Success,
806,https://writemyresume.ae/api/pricing,200,Success,
843,https://writemyresume.ae/api/pricing,200,Success,
815,https://writemyresume.ae/api/pricing,200,Success,
813,https://writemyresume.ae/api/pricing,200,Success,
844,https://writemyresume.ae/api/pricing,200,Success,
845,https://writemyresume.ae/api/pricing,200,Success,
819,https://writemyresume.ae/api/pricing,200,Success,
811,https://writemyresume.ae/api/pricing,200,Success,
812,https://writemyresume.ae/api/pricing,200,Success,
814,https://writemyresume.ae/api/pricing,200,Success,
851,https://writemyresume.ae/api/pricing,200,Success,
852,https://writemyresume.ae/api/pricing,200,Success,
853,https://writemyresume.ae/api/pricing,200,Success,
823,https://writemyresume.ae/api/pricing,200,Success,
820,https://writemyresume.ae/api/pricing,200,Success,
854,https://writemyresume.ae/api/pricing,200,Success,
824,https://writemyresume.ae/api/pricing,200,Success,
825,https://writemyresume.ae/api/pricing,200,Success,
828,https://writemyresume.ae/api/pricing,200,Success,
834,https://writemyresume.ae/api/pricing,200,Success,
857,https://writemyresume.ae/api/pricing,200,Success,
830,https://writemyresume.ae/api/pricing,200,Success,
827,https://writemyresume.ae/api/pricing,200,Success,
833,https://writemyresume.ae/api/pricing,200,Success,
868,https://writemyresume.ae/api/pricing,200,Success,
832,https://writemyresume.ae/api/pricing,200,Success,
835,https://writemyresume.ae/api/pricing,200,Success,
867,https://writemyresume.ae/api/pricing,200,Success,
838,https://writemyresume.ae/api/pricing,200,Success,
874,https://writemyresume.ae/api/pricing,200,Success,
871,https://writemyresume.ae/api/pricing,200,Success,
836,https://writemyresume.ae/api/pricing,200,Success,
837,https://writemyresume.ae/api/pricing,200,Success,
875,https://writemyresume.ae/api/pricing,200,Success,
882,https://writemyresume.ae/api/pricing,200,Success,
841,https://writemyresume.ae/api/pricing,200,Success,
846,https://writemyresume.ae/api/pricing,200,Success,
880,https://writemyresume.ae/api/pricing,200,Success,
842,https://writemyresume.ae/api/pricing,200,Success,
881,https://writemyresume.ae/api/pricing,200,Success,
847,https://writemyresume.ae/api/pricing,200,Success,
848,https://writemyresume.ae/api/pricing,200,Success,
855,https://writemyresume.ae/api/pricing,200,Success,
888,https://writemyresume.ae/api/pricing,200,Success,
850,https://writemyresume.ae/api/pricing,200,Success,
890,https://writemyresume.ae/api/pricing,200,Success,
849,https://writemyresume.ae/api/pricing,200,Success,
858,https://writemyresume.ae/api/pricing,200,Success,
898,https://writemyresume.ae/api/pricing,200,Success,
861,https://writemyresume.ae/api/pricing,200,Success,
896,https://writemyresume.ae/api/pricing,200,Success,
859,https://writemyresume.ae/api/pricing,200,Success,
860,https://writemyresume.ae/api/pricing,200,Success,
856,https://writemyresume.ae/api/pricing,200,Success,
863,https://writemyresume.ae/api/pricing,200,Success,
899,https://writemyresume.ae/api/pricing,200,Success,
900,https://writemyresume.ae/api/pricing,200,Success,
866,https://writemyresume.ae/api/pricing,200,Success,
864,https://writemyresume.ae/api/pricing,200,Success,
865,https://writemyresume.ae/api/pricing,200,Success,
903,https://writemyresume.ae/api/pricing,200,Success,
869,https://writemyresume.ae/api/pricing,200,Success,
862,https://writemyresume.ae/api/pricing,200,Success,
904,https://writemyresume.ae/api/pricing,200,Success,
907,https://writemyresume.ae/api/pricing,200,Success,
872,https://writemyresume.ae/api/pricing,200,Success,
870,https://writemyresume.ae/api/pricing,200,Success,
876,https://writemyresume.ae/api/pricing,200,Success,
873,https://writemyresume.ae/api/pricing,200,Success,
910,https://writemyresume.ae/api/pricing,200,Success,
913,https://writemyresume.ae/api/pricing,200,Success,
877,https://writemyresume.ae/api/pricing,200,Success,
878,https://writemyresume.ae/api/pricing,200,Success,
879,https://writemyresume.ae/api/pricing,200,Success,
915,https://writemyresume.ae/api/pricing,200,Success,
883,https://writemyresume.ae/api/pricing,200,Success,
918,https://writemyresume.ae/api/pricing,200,Success,
886,https://writemyresume.ae/api/pricing,200,Success,
884,https://writemyresume.ae/api/pricing,200,Success,
889,https://writemyresume.ae/api/pricing,200,Success,
887,https://writemyresume.ae/api/pricing,200,Success,
922,https://writemyresume.ae/api/pricing,200,Success,
927,https://writemyresume.ae/api/pricing,200,Success,
924,https://writemyresume.ae/api/pricing,200,Success,
895,https://writemyresume.ae/api/pricing,200,Success,
930,https://writemyresume.ae/api/pricing,200,Success,
891,https://writemyresume.ae/api/pricing,200,Success,
885,https://writemyresume.ae/api/pricing,200,Success,
897,https://writemyresume.ae/api/pricing,200,Success,
893,https://writemyresume.ae/api/pricing,200,Success,
892,https://writemyresume.ae/api/pricing,200,Success,
894,https://writemyresume.ae/api/pricing,200,Success,
906,https://writemyresume.ae/api/pricing,200,Success,
933,https://writemyresume.ae/api/pricing,200,Success,
935,https://writemyresume.ae/api/pricing,200,Success,
901,https://writemyresume.ae/api/pricing,200,Success,
939,https://writemyresume.ae/api/pricing,200,Success,
902,https://writemyresume.ae/api/pricing,200,Success,
909,https://writemyresume.ae/api/pricing,200,Success,
940,https://writemyresume.ae/api/pricing,200,Success,
905,https://writemyresume.ae/api/pricing,200,Success,
912,https://writemyresume.ae/api/pricing,200,Success,
946,https://writemyresume.ae/api/pricing,200,Success,
914,https://writemyresume.ae/api/pricing,200,Success,
952,https://writemyresume.ae/api/pricing,200,Success,
908,https://writemyresume.ae/api/pricing,200,Success,
911,https://writemyresume.ae/api/pricing,200,Success,
944,https://writemyresume.ae/api/pricing,200,Success,
951,https://writemyresume.ae/api/pricing,200,Success,
916,https://writemyresume.ae/api/pricing,200,Success,
954,https://writemyresume.ae/api/pricing,200,Success,
917,https://writemyresume.ae/api/pricing,200,Success,
955,https://writemyresume.ae/api/pricing,200,Success,
919,https://writemyresume.ae/api/pricing,200,Success,
921,https://writemyresume.ae/api/pricing,200,Success,
923,https://writemyresume.ae/api/pricing,200,Success,
920,https://writemyresume.ae/api/pricing,200,Success,
925,https://writemyresume.ae/api/pricing,200,Success,
926,https://writemyresume.ae/api/pricing,200,Success,
963,https://writemyresume.ae/api/pricing,200,Success,
962,https://writemyresume.ae/api/pricing,200,Success,
928,https://writemyresume.ae/api/pricing,200,Success,
929,https://writemyresume.ae/api/pricing,200,Success,
967,https://writemyresume.ae/api/pricing,200,Success,
970,https://writemyresume.ae/api/pricing,200,Success,
931,https://writemyresume.ae/api/pricing,200,Success,
973,https://writemyresume.ae/api/pricing,200,Success,
972,https://writemyresume.ae/api/pricing,200,Success,
934,https://writemyresume.ae/api/pricing,200,Success,
932,https://writemyresume.ae/api/pricing,200,Success,
976,https://writemyresume.ae/api/pricing,200,Success,
978,https://writemyresume.ae/api/pricing,200,Success,
937,https://writemyresume.ae/api/pricing,200,Success,
983,https://writemyresume.ae/api/pricing,200,Success,
981,https://writemyresume.ae/api/pricing,200,Success,
936,https://writemyresume.ae/api/pricing,200,Success,
941,https://writemyresume.ae/api/pricing,200,Success,
948,https://writemyresume.ae/api/pricing,200,Success,
942,https://writemyresume.ae/api/pricing,200,Success,
938,https://writemyresume.ae/api/pricing,200,Success,
990,https://writemyresume.ae/api/pricing,200,Success,
949,https://writemyresume.ae/api/pricing,200,Success,
943,https://writemyresume.ae/api/pricing,200,Success,
950,https://writemyresume.ae/api/pricing,200,Success,
989,https://writemyresume.ae/api/pricing,200,Success,
958,https://writemyresume.ae/api/pricing,200,Success,
992,https://writemyresume.ae/api/pricing,200,Success,
953,https://writemyresume.ae/api/pricing,200,Success,
945,https://writemyresume.ae/api/pricing,200,Success,
993,https://writemyresume.ae/api/pricing,200,Success,
947,https://writemyresume.ae/api/pricing,200,Success,
957,https://writemyresume.ae/api/pricing,200,Success,
956,https://writemyresume.ae/api/pricing,200,Success,
964,https://writemyresume.ae/api/pricing,200,Success,
996,https://writemyresume.ae/api/pricing,200,Success,
968,https://writemyresume.ae/api/pricing,200,Success,
971,https://writemyresume.ae/api/pricing,200,Success,
960,https://writemyresume.ae/api/pricing,200,Success,
959,https://writemyresume.ae/api/pricing,200,Success,
961,https://writemyresume.ae/api/pricing,200,Success,
997,https://writemyresume.ae/api/pricing,200,Success,
965,https://writemyresume.ae/api/pricing,200,Success,
966,https://writemyresume.ae/api/pricing,200,Success,
974,https://writemyresume.ae/api/pricing,200,Success,
977,https://writemyresume.ae/api/pricing,200,Success,
999,https://writemyresume.ae/api/pricing,200,Success,
982,https://writemyresume.ae/api/pricing,200,Success,
969,https://writemyresume.ae/api/pricing,200,Success,
987,https://writemyresume.ae/api/pricing,200,Success,
984,https://writemyresume.ae/api/pricing,200,Success,
979,https://writemyresume.ae/api/pricing,200,Success,
975,https://writemyresume.ae/api/pricing,200,Success,
988,https://writemyresume.ae/api/pricing,200,Success,
986,https://writemyresume.ae/api/pricing,200,Success,
985,https://writemyresume.ae/api/pricing,200,Success,
994,https://writemyresume.ae/api/pricing,200,Success,
995,https://writemyresume.ae/api/pricing,200,Success,
991,https://writemyresume.ae/api/pricing,200,Success,
998,https://writemyresume.ae/api/pricing,200,Success,
980,https://writemyresume.ae/api/pricing,200,Success,
